{"cameraMode":{"drawMode":0,"name":"Shaded","section":"Shading Mode"},"sceneLighting":true,"audioPlay":false,"sceneViewState":{"m_AlwaysRefresh":false,"showFog":true,"showSkybox":true,"showFlares":true,"showImageEffects":true,"showParticleSystems":true,"showVisualEffectGraphs":true,"m_FxEnabled":true},"in2DMode":false,"pivot":{"x":-11.412446975708008,"y":9.318835258483887,"z":1.070540428161621},"rotation":{"x":0.22916747629642487,"y":-0.03048548474907875,"z":0.006958587095141411,"w":0.9729686975479126},"size":34.68632507324219,"orthographic":false}