{"cameraMode":{"drawMode":0,"name":"Shaded","section":"Shading Mode"},"sceneLighting":true,"audioPlay":false,"sceneViewState":{"m_AlwaysRefresh":false,"showFog":true,"showSkybox":true,"showFlares":true,"showImageEffects":true,"showParticleSystems":true,"showVisualEffectGraphs":true,"m_FxEnabled":true},"in2DMode":false,"pivot":{"x":-3.338291883468628,"y":0.6386938691139221,"z":-3.6880288124084474},"rotation":{"x":-0.07835905998945236,"y":0.2624109387397766,"z":-0.021369092166423799,"w":-0.9615451693534851},"size":3.873889207839966,"orthographic":false}