{"cameraMode":{"drawMode":0,"name":"Shaded","section":"Shading Mode"},"sceneLighting":false,"audioPlay":false,"sceneViewState":{"m_AlwaysRefresh":false,"showFog":true,"showSkybox":false,"showFlares":true,"showImageEffects":true,"showParticleSystems":true,"showVisualEffectGraphs":true,"m_FxEnabled":true},"in2DMode":false,"pivot":{"x":-6.2684478759765629,"y":1.3655548095703126,"z":0.01309967041015625},"rotation":{"x":0.05006894841790199,"y":-0.40851637721061709,"z":0.022448409348726274,"w":0.9111123085021973},"size":111.16477966308594,"orthographic":false}