{"cameraMode":{"drawMode":0,"name":"Shaded","section":"Shading Mode"},"sceneLighting":false,"audioPlay":false,"sceneViewState":{"m_AlwaysRefresh":false,"showFog":true,"showSkybox":false,"showFlares":true,"showImageEffects":true,"showParticleSystems":true,"showVisualEffectGraphs":true,"m_FxEnabled":true},"in2DMode":false,"pivot":{"x":0.000859379768371582,"y":1.4888794422149659,"z":-0.09817709773778916},"rotation":{"x":-0.06245613098144531,"y":-0.9134693741798401,"z":0.1535138040781021,"w":-0.37163621187210085},"size":1.0972574949264527,"orthographic":false}